drop table if exists recensione_sala CASCADE;
drop table if exists recensione_film CASCADE;
drop table if exists biglietto CASCADE;
drop table if exists account CASCADE;
drop table if exists programmazione CASCADE;
drop table if exists persona CASCADE;
drop table if exists sala CASCADE;
drop table if exists cinema CASCADE;
drop table if exists film CASCADE;

create table film (
    nome_film           varchar (100),
    anno_uscita         date,
    durata              time    not null,
    valutazione_media   numeric(2,1) check(valutazione_media>=0) default null,
    primary key(nome_film, anno_uscita)
);

create table cinema (
    nome            varchar(50),
    citta           varchar(50),
    via             varchar(50) not null,
    numero          char(5)     not null,
    cap             char(5)     not null,
    stato           varchar(30) not null,
    primary key(nome, citta)
);

create table sala (
    numero_sala         char(2),
    nome_cinema         varchar(50),
    citta_cinema        varchar(50),
    posti_massimi       varchar(10),
    prezzo              money,
    tipo_sala           varchar(10),
    valutazione_media   numeric(2,1) check(valutazione_media>=0) default null,
    primary key(numero_sala,nome_cinema,citta_cinema),
    foreign key(nome_cinema, citta_cinema) references cinema(nome, citta) on update cascade on delete cascade
);

create table persona (
    CF              char(16) primary key,
    nome            varchar(50) not null,
    cognome         varchar(50) not null,
    sesso           char(2) check(sesso = 'M' OR sesso = 'F' OR sesso = 'ND') not null,
    data_nascita    date not null,
    numero_telefono varchar(15) not null
);

create table account (
    email       varchar(50) primary key,
    password    varchar(50),
    cf          char(16),
    premium     boolean,
    foreign key(cf) references persona(cf) on update cascade
);

create table recensione_sala (
    data            timestamp,
    email           varchar(50) default 'utente_eliminato',
    numero_sala     char(2),
    nome_cinema     varchar(50),
    citta_cinema    varchar(50),
    commento        varchar(500) default null,
    valutazione     numeric(1) check(valutazione>=0) not null,
    primary key(data, email),
    foreign key(email) references account(email) on update cascade on delete set default,
    foreign key(numero_sala,nome_cinema,citta_cinema) references sala(numero_sala,nome_cinema,citta_cinema) on update cascade on delete cascade
);

create table recensione_film (
    data            timestamp,
    email           varchar(50) default 'utente_eliminato',
    nome_film       varchar (100),
    anno_uscita     date,
    commento        varchar(500) default null,
    valutazione     numeric(1) check(valutazione>=0) not null,
    primary key(data, email),
    foreign key(email) references account(email) on update cascade on delete set default,
    foreign key(nome_film,anno_uscita) references film(nome_film,anno_uscita) on update cascade
);

create table biglietto (
    biglietto_id    bigserial   primary key,
    data_acquisto   timestamp   not null,
    nome_film       varchar(50) not null,
    anno_uscita     date        not null,
    numero_sala     char(2),
    nome_cinema     varchar(50),
    citta_cinema    varchar(50),
    email           varchar(50) default 'utente_eliminato',
    posto           smallint    not null,
    foreign key(nome_film,anno_uscita) references film(nome_film, anno_uscita) on update cascade,
    foreign key(numero_sala,nome_cinema,citta_cinema) references sala(numero_sala, nome_cinema, citta_cinema) on update cascade on delete set null,
    foreign key(email) references account(email) on update cascade on delete set default
);

create table programmazione (
    nome_film       varchar (100),
    anno_uscita     date,
    numero_sala     char(2),
    nome_cinema     varchar(50),
    citta_cinema    varchar(50),
    orario          time not null,
    primary key(orario, nome_film, anno_uscita, numero_sala, nome_cinema, citta_cinema),
    foreign key(nome_film, anno_uscita) references film(nome_film,anno_uscita) on update cascade,
    foreign key(nome_cinema,citta_cinema, numero_sala) references sala(nome_cinema,citta_cinema,numero_sala)
);

DROP VIEW IF EXISTS p_a;
 CREATE VIEW p_a AS
	SELECT p.nome, p.cognome, p.cf, a.email
	FROM persona AS p, account AS a
	WHERE p.cf=a.cf;
    
INSERT INTO persona (CF, nome, cognome, sesso, data_nascita, numero_telefono) VALUES
('BRGGLI78B51M130S','Ludovica','Argurio','F','1974-03-21','+39 0341993996'),
('SLVGBL37D47H270I','Ornella','Sforza','F','1978-08-11','+39 3770587292'),
('ZMNPTZ82H21B629G','Lisa','Babbo','M','1986-08-09','388897923'),
('RFFGTN98C65M260G','Delfino','Zamorani','M','1972-06-04','+39 0825455493'),
('RGRLRT56L24M298J','Michelangelo','Brugnaro','F','2005-06-25','3520407828'),
('CGNVLT50T15G211Y','Federico','Zabarella','M','2009-12-25','073494379'),
('FODMA09D54A347EX','Priscilla','Cattaneo','M','2008-04-02','3780582868'),
('LPPGLR37D07B883S','Carolina','Broggini','F','1999-07-29','+39 0574263625'),
('PRTRSN78H13L359O','Nicola','Zampa','F','2018-12-20','0736377506'),
('BRCGNE08M11M180X','Martina','Boezio','F','2009-06-09','+39 05746151177');

INSERT INTO account (email, password, cf, premium) VALUES
('gian06@hotmail.it','Gj+2PhTc)8','BRGGLI78B51M130S',false),
('paulina13@gmail.com','6i251ZU!$R','SLVGBL37D47H270I', true),
('lucreziacorradi@live.com','61LtXtke_*','ZMNPTZ82H21B629G', true),
('dligorio@hotmail.it','&RGwY^tc3z','RFFGTN98C65M260G', false),
('boccionipietro@tiscali.it','Rm3Oxpvv3$','RGRLRT56L24M298J', true),
('ipiccinni@outlook.com','485GDw^p%)','CGNVLT50T15G211Y', true),
('paoloantonioni@yahoo.com','S1897BnS$(','FODMA09D54A347EX', true),
('piergiorgio37@gmail.com','5L!5iDy4RT','PRTRSN78H13L359O', false),
('mazzacuratimarcantonio@tele2.it','UB$$2gFeew','BRCGNE08M11M180X', true),
('qnonis@vodafone.it','!GRjf6e60#','LPPGLR37D07B883S', false);

INSERT INTO film(nome_film,anno_uscita,durata, valutazione_media) VALUES
('Avengers Assemble','2012-03-01','3:20:00', '5'),
('Novgorodtsy','1943-04-11','1:25:00', null),
('Avengers: Endgame','2019-06-06','2:30:00', '5.5'),
('Avengers: Infinity War','2018-04-12','3:50:00', null),
('Avengers: Age of Ultron','2015-01-01','1:25:00', null),
('Avengers of Justice: Farce Wars','2018-02-01','3:00:00', null),
('Crippled Avengers','1978-06-07','0:45:00', null),
('The Avengers','1998-07-17','2:52:00', null),
('Doctor Strange in the Multiverse of Madness','2022-03-03','1:44:00', null),
('The Northman','2022-05-27','1:44:00', null),
('Morbius','2022-01-11','1:44:00', null),
('Old','2021-04-30','1:44:00', '4.5'),
('Doctor Strange','2016-09-22','1:44:00', null);

INSERT INTO cinema(nome,citta,via,numero,cap,stato) VALUES
('Cinema1','Citta1','Via A','1','11111','Italia'),
('Cinema2','Citta2','Via B','2','22222','Italia'),
('Cinema3','Citta3','Via C','3','33333','Italia'),
('Cinema4','Citta4','Via D','4','44444','Italia'),
('Cinema5','Citta5','Via E','5','55555','Italia'),
('Cinema6','Citta6','Via F','6','66666','Italia'),
('Cinema7','Citta7','Via G','7','77777','Italia'),
('Cinema8','Citta8','Via H','8','88888','Italia'),
('Cinema9','Citta9','Via I','9','99999','Italia'),
('Cinema10','Citta10','Via J','10','10101','Italia');

INSERT INTO recensione_film(data, email, commento, valutazione,nome_film, anno_uscita) VALUES
('2022-11-23','paulina13@gmail.com','Explicabo commodi earum aliquid. Debitis deleniti perferendis nisi.','3','Avengers Assemble','2012-03-01'),
('2022-09-18', 'paulina13@gmail.com', 'Illo aliquam deleniti minima dicta.','5','Old','2021-04-30'),
('2022-09-14','paulina13@gmail.com','Aliquam ea optio eius porro. Ea voluptas aspernatur. Eveniet quae a.','5','Avengers: Endgame','2019-06-06'),
('2022-02-24','lucreziacorradi@live.com','Iste facilis fugiat esse perferendis illo. Dolores pariatur inventore dolore suscipit.','4','Avengers Assemble','2012-03-01'),
('2022-07-18','boccionipietro@tiscali.it','Nihil reprehenderit temporibus facere. Nulla dolore consectetur vero earum.','9','Avengers Assemble','2012-03-01'),
('2022-05-14','mazzacuratimarcantonio@tele2.it','Voluptas nisi quo minima quidem amet optio fugit. Asperiores eum adipisci modi voluptatem eum.','4','Avengers Assemble','2012-03-01'),
('2022-11-18','ipiccinni@outlook.com','Magnam assumenda possimus ducimus esse et. Nisi quia iusto recusandae nulla tempora ab.','5','Avengers Assemble','2012-03-01'),
('2022-12-06','ipiccinni@outlook.com','Culpa odio veniam saepe. Aperiam vel accusantium adipisci non quaerat.','4','Old','2021-04-30'),
('2022-05-07','ipiccinni@outlook.com','Dolores eligendi voluptate incidunt doloremque. Vitae quam nostrum ut quisquam.','6','Avengers: Endgame','2019-06-06');

INSERT INTO sala(numero_sala, nome_cinema,citta_cinema,posti_massimi,prezzo,tipo_sala, valutazione_media) VALUES
('1','Cinema1','Citta1','200','7','Normale', '5.8'),
('2','Cinema1','Citta1','200','7','Normale', null),
('3','Cinema1','Citta1','200','7','Normale', null),
('4','Cinema1','Citta1','200','7','Normale', null),
('5','Cinema1','Citta1','200','7','Normale', null),
('6','Cinema1','Citta1','200','10','IMAX', null),
('7','Cinema1','Citta1','200','10','IMAX', null),
('8','Cinema1','Citta1','200','10','IMAX', null),
('9','Cinema1','Citta1','200','10','IMAX', null),
('10','Cinema1','Citta1','200','10','3D', null),
('11','Cinema1','Citta1','200','15','3D', null),
('12','Cinema1','Citta1','200','15','3D', null),
('13','Cinema1','Citta1','200','15','3D', null),
('14','Cinema1','Citta1','200','15','3D', null),
('15','Cinema1','Citta1','200','15','3D', null),
('1','Cinema2','Citta2','200','7','Normale', '6.5'),
('2','Cinema2','Citta2','200','7','Normale', null),
('3','Cinema2','Citta2','200','7','Normale', null),
('4','Cinema2','Citta2','200','7','Normale', null),
('5','Cinema2','Citta2','200','7','Normale', null),
('6','Cinema2','Citta2','200','10','IMAX', null),
('7','Cinema2','Citta2','200','10','IMAX', null),
('8','Cinema2','Citta2','200','10','IMAX', null),
('9','Cinema2','Citta2','200','10','IMAX', null),
('10','Cinema2','Citta2','200','10','3D', null),
('11','Cinema2','Citta2','200','15','3D', null),
('12','Cinema2','Citta2','200','15','3D', null),
('13','Cinema2','Citta2','200','15','3D', null),
('14','Cinema2','Citta2','200','15','3D', null),
('15','Cinema2','Citta2','200','15','3D', null),
('1','Cinema3','Citta3','200','7','Normale', null),
('2','Cinema3','Citta3','200','7','Normale', null),
('3','Cinema3','Citta3','200','7','Normale', null),
('4','Cinema3','Citta3','200','7','Normale', null),
('5','Cinema3','Citta3','200','7','Normale', null),
('6','Cinema3','Citta3','200','10','IMAX', null),
('7','Cinema3','Citta3','200','10','IMAX', null),
('8','Cinema3','Citta3','200','10','IMAX', null),
('9','Cinema3','Citta3','200','10','IMAX', null),
('10','Cinema3','Citta3','200','10','3D', null),
('11','Cinema3','Citta3','200','15','3D', null),
('12','Cinema3','Citta3','200','15','3D', null),
('13','Cinema3','Citta3','200','15','3D', null),
('14','Cinema3','Citta3','200','15','3D', null),
('15','Cinema3','Citta3','200','15','3D', null),
('1','Cinema4','Citta4','200','7','Normale', null),
('2','Cinema4','Citta4','200','7','Normale', '4.5'),
('3','Cinema4','Citta4','200','7','Normale', null),
('4','Cinema4','Citta4','200','7','Normale', null),
('5','Cinema4','Citta4','200','7','Normale', null),
('6','Cinema4','Citta4','200','10','IMAX', null),
('7','Cinema4','Citta4','200','10','IMAX', null),
('8','Cinema4','Citta4','200','10','IMAX', null),
('9','Cinema4','Citta4','200','10','IMAX', null),
('10','Cinema4','Citta4','200','10','3D', null),
('11','Cinema4','Citta4','200','15','3D', null),
('12','Cinema4','Citta4','200','15','3D', null),
('13','Cinema4','Citta4','200','15','3D', null),
('14','Cinema4','Citta4','200','15','3D', null),
('15','Cinema4','Citta4','200','15','3D', null),
('1','Cinema5','Citta5','200','7','Normale', null),
('2','Cinema5','Citta5','200','7','Normale', null),
('3','Cinema5','Citta5','200','7','Normale', null),
('4','Cinema5','Citta5','200','7','Normale', null),
('5','Cinema5','Citta5','200','7','Normale', null),
('6','Cinema5','Citta5','200','10','IMAX', null),
('7','Cinema5','Citta5','200','10','IMAX', null),
('8','Cinema5','Citta5','200','10','IMAX', null),
('9','Cinema5','Citta5','200','10','IMAX', null),
('10','Cinema5','Citta5','200','10','3D', null),
('11','Cinema5','Citta5','200','15','3D', null),
('12','Cinema5','Citta5','200','15','3D', null),
('13','Cinema5','Citta5','200','15','3D', null),
('14','Cinema5','Citta5','200','15','3D', null),
('15','Cinema5','Citta5','200','15','3D', null),
('1','Cinema6','Citta6','200','7','Normale', null),
('2','Cinema6','Citta6','200','7','Normale', null),
('3','Cinema6','Citta6','200','7','Normale', null),
('4','Cinema6','Citta6','200','7','Normale', null),
('5','Cinema6','Citta6','200','7','Normale', null),
('6','Cinema6','Citta6','200','10','IMAX', null),
('7','Cinema6','Citta6','200','10','IMAX', null),
('8','Cinema6','Citta6','200','10','IMAX', null),
('9','Cinema6','Citta6','200','10','IMAX', null),
('10','Cinema6','Citta6','200','10','3D', null),
('11','Cinema6','Citta6','200','15','3D', null),
('12','Cinema6','Citta6','200','15','3D', null),
('13','Cinema6','Citta6','200','15','3D', null),
('14','Cinema6','Citta6','200','15','3D', null),
('15','Cinema6','Citta6','200','15','3D', null),
('1','Cinema7','Citta7','200','7','Normale', null),
('2','Cinema7','Citta7','200','7','Normale', null),
('3','Cinema7','Citta7','200','7','Normale', null),
('4','Cinema7','Citta7','200','7','Normale', null),
('5','Cinema7','Citta7','200','7','Normale', null),
('6','Cinema7','Citta7','200','10','IMAX', null),
('7','Cinema7','Citta7','200','10','IMAX', null),
('8','Cinema7','Citta7','200','10','IMAX', null),
('9','Cinema7','Citta7','200','10','IMAX', null),
('10','Cinema7','Citta7','200','10','3D', null),
('11','Cinema7','Citta7','200','15','3D', null),
('12','Cinema7','Citta7','200','15','3D', null),
('13','Cinema7','Citta7','200','15','3D', null),
('14','Cinema7','Citta7','200','15','3D', null),
('15','Cinema7','Citta7','200','15','3D', null),
('1','Cinema8','Citta8','200','7','Normale', null),
('2','Cinema8','Citta8','200','7','Normale', null),
('3','Cinema8','Citta8','200','7','Normale', null),
('4','Cinema8','Citta8','200','7','Normale', null),
('5','Cinema8','Citta8','200','7','Normale', null),
('6','Cinema8','Citta8','200','10','IMAX', null),
('7','Cinema8','Citta8','200','10','IMAX', null),
('8','Cinema8','Citta8','200','10','IMAX', null),
('9','Cinema8','Citta8','200','10','IMAX', null),
('10','Cinema8','Citta8','200','10','3D', null),
('11','Cinema8','Citta8','200','15','3D', null),
('12','Cinema8','Citta8','200','15','3D', null),
('13','Cinema8','Citta8','200','15','3D', null),
('14','Cinema8','Citta8','200','15','3D', null),
('15','Cinema8','Citta8','200','15','3D', null),
('1','Cinema9','Citta9','200','7','Normale', null),
('2','Cinema9','Citta9','200','7','Normale', null),
('3','Cinema9','Citta9','200','7','Normale', null),
('4','Cinema9','Citta9','200','7','Normale', null),
('5','Cinema9','Citta9','200','7','Normale', null),
('6','Cinema9','Citta9','200','10','IMAX', null),
('7','Cinema9','Citta9','200','10','IMAX', null),
('8','Cinema9','Citta9','200','10','IMAX', null),
('9','Cinema9','Citta9','200','10','IMAX', null),
('10','Cinema9','Citta9','200','10','3D', null),
('11','Cinema9','Citta9','200','15','3D', null),
('12','Cinema9','Citta9','200','15','3D', null),
('13','Cinema9','Citta9','200','15','3D', null),
('14','Cinema9','Citta9','200','15','3D', null),
('15','Cinema9','Citta9','200','15','3D', null),
('1','Cinema10','Citta10','200','7','Normale', null),
('2','Cinema10','Citta10','200','7','Normale', null),
('3','Cinema10','Citta10','200','7','Normale', null),
('4','Cinema10','Citta10','200','7','Normale', null),
('5','Cinema10','Citta10','200','7','Normale', null),
('6','Cinema10','Citta10','200','10','IMAX', null),
('7','Cinema10','Citta10','200','10','IMAX', null),
('8','Cinema10','Citta10','200','10','IMAX', null),
('9','Cinema10','Citta10','200','10','IMAX', null),
('10','Cinema10','Citta10','200','10','3D', null),
('11','Cinema10','Citta10','200','15','3D', null),
('12','Cinema10','Citta10','200','15','3D', null),
('13','Cinema10','Citta10','200','15','3D', null),
('14','Cinema10','Citta10','200','15','3D', null),
('15','Cinema10','Citta10','200','15','3D', null);

INSERT INTO recensione_sala(data, email, numero_sala, nome_cinema, citta_cinema,commento,valutazione) VALUES
('2021-11-23','paulina13@gmail.com','1 ','Cinema1','Citta1','Carina','7'),
('2021-11-23','lucreziacorradi@live.com','1 ','Cinema1','Citta1','No','3'),
('2021-11-23','boccionipietro@tiscali.it','1 ','Cinema1','Citta1','No','2'),
('2021-11-23','mazzacuratimarcantonio@tele2.it','1 ','Cinema1','Citta1','Ci sta','9'),
('2021-11-23','ipiccinni@outlook.com','1 ','Cinema1','Citta1','Bella','8'),
('2020-06-23','paulina13@gmail.com','1 ','Cinema2','Citta2','Carina','7'),
('2020-06-23','ipiccinni@outlook.com','1 ','Cinema2','Citta2','Carina','6'),
('2021-04-23','paulina13@gmail.com','2 ','Cinema4','Citta4','No','5'),
('2021-04-23','ipiccinni@outlook.com','2 ','Cinema4','Citta4','Bha','4');

INSERT INTO biglietto(data_acquisto,nome_film,anno_uscita,numero_sala,nome_cinema,citta_cinema,email,posto) VALUES
('2021-11-23','Avengers Assemble','2012-03-01','1','Cinema1','Citta1','paulina13@gmail.com','1'),
('2021-11-23','Avengers Assemble','2012-03-01','1','Cinema1','Citta1','lucreziacorradi@live.com','2'),
('2021-11-23','Avengers Assemble','2012-03-01','1','Cinema1','Citta1','boccionipietro@tiscali.it','3'),
('2021-11-23','Avengers Assemble','2012-03-01','1','Cinema1','Citta1','mazzacuratimarcantonio@tele2.it','4'),
('2021-11-23','Avengers Assemble','2012-03-01','1','Cinema1','Citta1','ipiccinni@outlook.com','45'),
('2020-6-23','Old','2021-04-30','1','Cinema2','Citta2','paulina13@gmail.com','48'),
('2020-6-23','Old','2021-04-30','1','Cinema2','Citta2','ipiccinni@outlook.com','49'),
('2021-4-23','Avengers: Endgame','2019-06-06','2','Cinema4','Citta4','paulina13@gmail.com','44'),
('2021-4-23','Avengers: Endgame','2019-06-06','2','Cinema4','Citta4','ipiccinni@outlook.com','45');

INSERT INTO biglietto(nome_film,anno_uscita,data_acquisto,numero_sala,nome_cinema,citta_cinema,email,posto) VALUES
('The Northman', '2022-05-27', '2022-06-01', 4, 'Cinema8', 'Citta8', 'lucreziacorradi@live.com', '131'),
('Doctor Strange', '2016-09-22', '2016-09-27', 8, 'Cinema9', 'Citta9', 'qnonis@vodafone.it', '60'),
('Avengers: Age of Ultron', '2015-01-01', '2015-01-05', 8, 'Cinema9', 'Citta9', 'dligorio@hotmail.it', '190'),
('The Northman', '2022-05-27', '2022-05-28', 7, 'Cinema10', 'Citta10', 'mazzacuratimarcantonio@tele2.it', '106'),
('Avengers: Endgame', '2019-06-06', '2019-06-14', 5, 'Cinema4', 'Citta4', 'paulina13@gmail.com', '92'),
('Morbius', '2022-01-11', '2022-01-12', 1, 'Cinema10', 'Citta10', 'boccionipietro@tiscali.it', '73'),
('Avengers: Infinity War', '2018-04-12', '2018-04-15', 6, 'Cinema4', 'Citta4', 'boccionipietro@tiscali.it', '176'),
('Novgorodtsy', '1943-04-11', '1943-04-16', 5, 'Cinema7', 'Citta7', 'ipiccinni@outlook.com', '180'),
('Avengers Assemble', '2012-03-01', '2012-03-06', 13, 'Cinema2', 'Citta2', 'qnonis@vodafone.it', '8'),
('Avengers: Endgame', '2019-06-06', '2019-06-07', 10, 'Cinema8', 'Citta8', 'mazzacuratimarcantonio@tele2.it', '3'),
('The Avengers', '1998-07-17', '1998-07-26', 7, 'Cinema6', 'Citta6', 'ipiccinni@outlook.com', '29'),
('Old', '2021-04-30', '2021-05-04', 10, 'Cinema6', 'Citta6', 'boccionipietro@tiscali.it', '10'),
('Novgorodtsy', '1943-04-11', '1943-04-13', 3, 'Cinema2', 'Citta2', 'ipiccinni@outlook.com', '8'),
('Avengers: Age of Ultron', '2015-01-01', '2015-01-08', 2, 'Cinema5', 'Citta5', 'paulina13@gmail.com', '176'),
('Doctor Strange', '2016-09-22', '2016-09-28', 13, 'Cinema2', 'Citta2', 'qnonis@vodafone.it', '157'),
('Novgorodtsy', '1943-04-11', '1943-04-20', 8, 'Cinema8', 'Citta8', 'paulina13@gmail.com', '137'),
('The Northman', '2022-05-27', '2022-05-31', 5, 'Cinema5', 'Citta5', 'mazzacuratimarcantonio@tele2.it', '149'),
('Doctor Strange in the Multiverse of Madness', '2022-03-03', '2022-03-11', 10, 'Cinema8', 'Citta8', 'ipiccinni@outlook.com', '113'),
('Old', '2021-04-30', '2021-05-02', 5, 'Cinema10', 'Citta10', 'dligorio@hotmail.it', '66'),
('Avengers of Justice: Farce Wars', '2018-02-01', '2018-02-07', 7, 'Cinema9', 'Citta9', 'boccionipietro@tiscali.it', '47'),
('Avengers: Endgame', '2019-06-06', '2019-06-14', 6, 'Cinema6', 'Citta6', 'lucreziacorradi@live.com', '87'),
('Morbius', '2022-01-11', '2022-01-19', 12, 'Cinema10', 'Citta10', 'gian06@hotmail.it', '112'),
('Avengers Assemble', '2012-03-01', '2012-03-09', 15, 'Cinema10', 'Citta10', 'ipiccinni@outlook.com', '6'),
('The Northman', '2022-05-27', '2022-06-02', 4, 'Cinema3', 'Citta3', 'lucreziacorradi@live.com', '14'),
('Avengers: Infinity War', '2018-04-12', '2018-04-14', 13, 'Cinema4', 'Citta4', 'gian06@hotmail.it', '134'),
('Novgorodtsy', '1943-04-11', '1943-04-12', 2, 'Cinema7', 'Citta7', 'qnonis@vodafone.it', '11'),
('Avengers Assemble', '2012-03-01', '2012-03-03', 10, 'Cinema7', 'Citta7', 'qnonis@vodafone.it', '76'),
('Avengers of Justice: Farce Wars', '2018-02-01', '2018-02-10', 15, 'Cinema10', 'Citta10', 'piergiorgio37@gmail.com', '192'),
('The Avengers', '1998-07-17', '1998-07-21', 9, 'Cinema5', 'Citta5', 'qnonis@vodafone.it', '55'),
('Crippled Avengers', '1978-06-07', '1978-06-16', 7, 'Cinema5', 'Citta5', 'ipiccinni@outlook.com', '60'),
('Old', '2021-04-30', '2021-05-01', 11, 'Cinema3', 'Citta3', 'qnonis@vodafone.it', '152'),
('Novgorodtsy', '1943-04-11', '1943-04-19', 12, 'Cinema9', 'Citta9', 'ipiccinni@outlook.com', '21'),
('Avengers: Age of Ultron', '2015-01-01', '2015-01-09', 3, 'Cinema6', 'Citta6', 'qnonis@vodafone.it', '35'),
('Avengers: Endgame', '2019-06-06', '2019-06-14', 11, 'Cinema1', 'Citta1', 'paulina13@gmail.com', '179'),
('The Avengers', '1998-07-17', '1998-07-23', 10, 'Cinema5', 'Citta5', 'dligorio@hotmail.it', '68'),
('Morbius', '2022-01-11', '2022-01-21', 10, 'Cinema7', 'Citta7', 'lucreziacorradi@live.com', '91'),
('Old', '2021-04-30', '2021-05-05', 15, 'Cinema7', 'Citta7', 'ipiccinni@outlook.com', '47'),
('Avengers of Justice: Farce Wars', '2018-02-01', '2018-02-03', 1, 'Cinema2', 'Citta2', 'lucreziacorradi@live.com', '176'),
('The Northman', '2022-05-27', '2022-06-05', 2, 'Cinema7', 'Citta7', 'dligorio@hotmail.it', '158'),
('Doctor Strange', '2016-09-22', '2016-09-28', 14, 'Cinema1', 'Citta1', 'qnonis@vodafone.it', '38'),
('Morbius', '2022-01-11', '2022-01-20', 5, 'Cinema2', 'Citta2', 'paulina13@gmail.com', '173'),
('The Northman', '2022-05-27', '2022-06-02', 5, 'Cinema4', 'Citta4', 'paoloantonioni@yahoo.com', '16'),
('Novgorodtsy', '1943-04-11', '1943-04-17', 7, 'Cinema7', 'Citta7', 'gian06@hotmail.it', '194'),
('Novgorodtsy', '1943-04-11', '1943-04-12', 10, 'Cinema10', 'Citta10', 'ipiccinni@outlook.com', '50'),
('Avengers Assemble', '2012-03-01', '2012-03-03', 3, 'Cinema10', 'Citta10', 'gian06@hotmail.it', '25'),
('Doctor Strange in the Multiverse of Madness', '2022-03-03', '2022-03-09', 1, 'Cinema7', 'Citta7', 'ipiccinni@outlook.com', '87'),
('The Northman', '2022-05-27', '2022-05-29', 11, 'Cinema3', 'Citta3', 'piergiorgio37@gmail.com', '128'),
('Avengers Assemble', '2012-03-01', '2012-03-05', 1, 'Cinema6', 'Citta6', 'piergiorgio37@gmail.com', '152'),
('The Avengers', '1998-07-17', '1998-07-24', 13, 'Cinema7', 'Citta7', 'ipiccinni@outlook.com', '65'),
('The Avengers', '1998-07-17', '1998-07-18', 4, 'Cinema1', 'Citta1', 'mazzacuratimarcantonio@tele2.it', '186'),
('Doctor Strange in the Multiverse of Madness', '2022-03-03', '2022-03-11', 12, 'Cinema8', 'Citta8', 'boccionipietro@tiscali.it', '102'),
('Avengers Assemble', '2012-03-01', '2012-03-06', 13, 'Cinema6', 'Citta6', 'gian06@hotmail.it', '127'),
('Old', '2021-04-30', '2021-05-06', 15, 'Cinema3', 'Citta3', 'paoloantonioni@yahoo.com', '181'),
('Doctor Strange in the Multiverse of Madness', '2022-03-03', '2022-03-09', 1, 'Cinema9', 'Citta9', 'boccionipietro@tiscali.it', '59'),
('Avengers Assemble', '2012-03-01', '2012-03-05', 5, 'Cinema4', 'Citta4', 'piergiorgio37@gmail.com', '93'),
('Morbius', '2022-01-11', '2022-01-16', 10, 'Cinema7', 'Citta7', 'piergiorgio37@gmail.com', '84'),
('Crippled Avengers', '1978-06-07', '1978-06-09', 13, 'Cinema6', 'Citta6', 'gian06@hotmail.it', '4'),
('Doctor Strange', '2016-09-22', '2016-09-30', 10, 'Cinema1', 'Citta1', 'paoloantonioni@yahoo.com', '2'),
('Doctor Strange', '2016-09-22', '2016-09-29', 7, 'Cinema4', 'Citta4', 'piergiorgio37@gmail.com', '33'),
('Doctor Strange in the Multiverse of Madness', '2022-03-03', '2022-03-04', 6, 'Cinema3', 'Citta3', 'mazzacuratimarcantonio@tele2.it', '19'),
('Avengers of Justice: Farce Wars', '2018-02-01', '2018-02-06', 11, 'Cinema3', 'Citta3', 'paoloantonioni@yahoo.com', '167'),
('Avengers: Infinity War', '2018-04-12', '2018-04-22', 13, 'Cinema7', 'Citta7', 'dligorio@hotmail.it', '112'),
('Avengers: Infinity War', '2018-04-12', '2018-04-18', 7, 'Cinema9', 'Citta9', 'lucreziacorradi@live.com', '188'),
('Avengers Assemble', '2012-03-01', '2012-03-04', 10, 'Cinema9', 'Citta9', 'paoloantonioni@yahoo.com', '56'),
('Avengers: Age of Ultron', '2015-01-01', '2015-01-06', 14, 'Cinema7', 'Citta7', 'ipiccinni@outlook.com', '109'),
('Doctor Strange in the Multiverse of Madness', '2022-03-03', '2022-03-08', 2, 'Cinema8', 'Citta8', 'mazzacuratimarcantonio@tele2.it', '32'),
('Avengers: Age of Ultron', '2015-01-01', '2015-01-05', 9, 'Cinema6', 'Citta6', 'piergiorgio37@gmail.com', '104'),
('Avengers of Justice: Farce Wars', '2018-02-01', '2018-02-11', 5, 'Cinema3', 'Citta3', 'gian06@hotmail.it', '7'),
('Doctor Strange in the Multiverse of Madness', '2022-03-03', '2022-03-09', 8, 'Cinema4', 'Citta4', 'piergiorgio37@gmail.com', '65'),
('Novgorodtsy', '1943-04-11', '1943-04-17', 12, 'Cinema6', 'Citta6', 'paulina13@gmail.com', '13'),
('Avengers: Endgame', '2019-06-06', '2019-06-15', 7, 'Cinema2', 'Citta2', 'paulina13@gmail.com', '87'),
('Doctor Strange', '2016-09-22', '2016-10-01', 5, 'Cinema8', 'Citta8', 'paoloantonioni@yahoo.com', '36'),
('Old', '2021-04-30', '2021-05-08', 9, 'Cinema1', 'Citta1', 'dligorio@hotmail.it', '144'),
('Avengers Assemble', '2012-03-01', '2012-03-04', 12, 'Cinema9', 'Citta9', 'lucreziacorradi@live.com', '193'),
('Avengers: Endgame', '2019-06-06', '2019-06-08', 8, 'Cinema8', 'Citta8', 'ipiccinni@outlook.com', '76'),
('Avengers Assemble', '2012-03-01', '2012-03-05', 3, 'Cinema7', 'Citta7', 'paoloantonioni@yahoo.com', '77'),
('Morbius', '2022-01-11', '2022-01-12', 6, 'Cinema9', 'Citta9', 'qnonis@vodafone.it', '183'),
('Old', '2021-04-30', '2021-05-04', 15, 'Cinema6', 'Citta6', 'boccionipietro@tiscali.it', '200'),
('Crippled Avengers', '1978-06-07', '1978-06-10', 5, 'Cinema2', 'Citta2', 'dligorio@hotmail.it', '92'),
('Old', '2021-04-30', '2021-05-09', 4, 'Cinema3', 'Citta3', 'paulina13@gmail.com', '157'),
('Doctor Strange in the Multiverse of Madness', '2022-03-03', '2022-03-08', 15, 'Cinema1', 'Citta1', 'dligorio@hotmail.it', '23'),
('Doctor Strange in the Multiverse of Madness', '2022-03-03', '2022-03-07', 12, 'Cinema4', 'Citta4', 'piergiorgio37@gmail.com', '25'),
('Doctor Strange', '2016-09-22', '2016-09-26', 15, 'Cinema4', 'Citta4', 'lucreziacorradi@live.com', '92'),
('Novgorodtsy', '1943-04-11', '1943-04-13', 2, 'Cinema4', 'Citta4', 'boccionipietro@tiscali.it', '107'),
('Avengers of Justice: Farce Wars', '2018-02-01', '2018-02-04', 15, 'Cinema4', 'Citta4', 'mazzacuratimarcantonio@tele2.it', '24'),
('Avengers: Infinity War', '2018-04-12', '2018-04-21', 4, 'Cinema5', 'Citta5', 'paoloantonioni@yahoo.com', '104'),
('Morbius', '2022-01-11', '2022-01-12', 3, 'Cinema1', 'Citta1', 'ipiccinni@outlook.com', '63'),
('Avengers: Infinity War', '2018-04-12', '2018-04-21', 1, 'Cinema6', 'Citta6', 'qnonis@vodafone.it', '30'),
('Avengers: Age of Ultron', '2015-01-01', '2015-01-02', 10, 'Cinema6', 'Citta6', 'boccionipietro@tiscali.it', '179'),
('Novgorodtsy', '1943-04-11', '1943-04-15', 1, 'Cinema6', 'Citta6', 'paoloantonioni@yahoo.com', '118'),
('Doctor Strange in the Multiverse of Madness', '2022-03-03', '2022-03-12', 9, 'Cinema8', 'Citta8', 'paulina13@gmail.com', '145'),
('Doctor Strange', '2016-09-22', '2016-09-26', 15, 'Cinema7', 'Citta7', 'piergiorgio37@gmail.com', '165'),
('The Northman', '2022-05-27', '2022-06-03', 7, 'Cinema9', 'Citta9', 'lucreziacorradi@live.com', '10'),
('Novgorodtsy', '1943-04-11', '1943-04-12', 11, 'Cinema7', 'Citta7', 'paoloantonioni@yahoo.com', '105'),
('Crippled Avengers', '1978-06-07', '1978-06-15', 8, 'Cinema4', 'Citta4', 'gian06@hotmail.it', '133'),
('Morbius', '2022-01-11', '2022-01-21', 11, 'Cinema5', 'Citta5', 'paoloantonioni@yahoo.com', '196'),
('The Northman', '2022-05-27', '2022-06-02', 14, 'Cinema4', 'Citta4', 'qnonis@vodafone.it', '76'),
('Avengers: Infinity War', '2018-04-12', '2018-04-22', 11, 'Cinema8', 'Citta8', 'paulina13@gmail.com', '143'),
('Avengers Assemble', '2012-03-01', '2012-03-05', 2, 'Cinema5', 'Citta5', 'qnonis@vodafone.it', '48'),
('Doctor Strange in the Multiverse of Madness', '2022-03-03', '2022-03-05', 13, 'Cinema5', 'Citta5', 'mazzacuratimarcantonio@tele2.it', '20');


insert into programmazione (nome_film, anno_uscita, numero_sala, nome_cinema, citta_cinema, orario) values 
('Avengers Assemble', '2012-03-01', 12, 'Cinema9', 'Citta9', '20:30:00'),
('Old', '2021-04-30', 12, 'Cinema1', 'Citta1', '00:30:00'),
('Doctor Strange', '2016-09-22', 14, 'Cinema1', 'Citta1', '00:30:00'),
('The Northman', '2022-05-27', 7, 'Cinema3', 'Citta3', '20:30:00'),
('The Northman', '2022-05-27', 12, 'Cinema10', 'Citta10', '18:00:00'),
('Doctor Strange', '2016-09-22', 4, 'Cinema1', 'Citta1', '00:30:00'),
('Morbius', '2022-01-11', 15, 'Cinema1', 'Citta1', '22:00:00'),
('Crippled Avengers', '1978-06-07', 11, 'Cinema1', 'Citta1', '18:00:00'),
('Avengers Assemble', '2012-03-01', 4, 'Cinema1', 'Citta1', '22:00:00'),
('Avengers: Infinity War', '2018-04-12', 4, 'Cinema1', 'Citta1', '22:00:00'),
('Doctor Strange in the Multiverse of Madness', '2022-03-03', 15, 'Cinema7', 'Citta7', '00:30:00'),
('Old', '2021-04-30', 15, 'Cinema2', 'Citta2', '22:00:00'),
('Morbius', '2022-01-11', 10, 'Cinema10', 'Citta10', '20:30:00'),
('Crippled Avengers', '1978-06-07', 1, 'Cinema4', 'Citta4', '22:00:00'),
('Doctor Strange in the Multiverse of Madness', '2022-03-03', 14, 'Cinema3', 'Citta3', '00:30:00'),
('Morbius', '2022-01-11', 11, 'Cinema10', 'Citta10', '18:00:00'),
('Old', '2021-04-30', 10, 'Cinema8', 'Citta8', '22:00:00'),
('Crippled Avengers', '1978-06-07', 7, 'Cinema6', 'Citta6', '18:00:00'),
('Morbius', '2022-01-11', 11, 'Cinema4', 'Citta4', '00:30:00'),
('Morbius', '2022-01-11', 11, 'Cinema1', 'Citta1', '18:00:00'),
('The Northman', '2022-05-27', 7, 'Cinema3', 'Citta3', '00:30:00'),
('Doctor Strange', '2016-09-22', 8, 'Cinema1', 'Citta1', '00:30:00'),
('Avengers: Endgame', '2019-06-06', 5, 'Cinema5', 'Citta5', '00:30:00'),
('The Avengers', '1998-07-17', 12, 'Cinema2', 'Citta2', '22:00:00'),
('Avengers: Endgame', '2019-06-06', 8, 'Cinema1', 'Citta1', '18:00:00'),
('Avengers: Age of Ultron', '2015-01-01', 13, 'Cinema5', 'Citta5', '20:30:00'),
('The Northman', '2022-05-27', 9, 'Cinema5', 'Citta5', '20:30:00'),
('Avengers of Justice: Farce Wars', '2018-02-01', 12, 'Cinema6', 'Citta6', '18:00:00'),
('The Avengers', '1998-07-17', 14, 'Cinema2', 'Citta2', '20:30:00'),
('Avengers: Age of Ultron', '2015-01-01', 14, 'Cinema3', 'Citta3', '18:00:00');