INSERT INTO persona (CF, nome, cognome, sesso, data_nascita, numero_telefono) VALUES
('BRGGLI78B51M130S','Ludovica','Argurio','F','1974-03-21','+39 0341993996'),
('SLVGBL37D47H270I','Ornella','Sforza','F','1978-08-11','+39 3770587292'),
('ZMNPTZ82H21B629G','Lisa','Babbo','M','1986-08-09','388897923'),
('RFFGTN98C65M260G','Delfino','Zamorani','M','1972-06-04','+39 0825455493'),
('RGRLRT56L24M298J','Michelangelo','Brugnaro','F','2005-06-25','3520407828'),
('CGNVLT50T15G211Y','Federico','Zabarella','M','2009-12-25','073494379'),
('FODMA09D54A347EX','Priscilla','Cattaneo','M','2008-04-02','3780582868'),
('LPPGLR37D07B883S','Carolina','Broggini','F','1999-07-29','+39 0574263625'),
('PRTRSN78H13L359O','Nicola','Zampa','F','2018-12-20','0736377506'),
('BRCGNE08M11M180X','Martina','Boezio','F','2009-06-09','+39 05746151177');

INSERT INTO account (email, password, cf, premium) VALUES
('gian06@hotmail.it','Gj+2PhTc)8','BRGGLI78B51M130S',false),
('paulina13@gmail.com','6i251ZU!$R','SLVGBL37D47H270I', true),
('lucreziacorradi@live.com','61LtXtke_*','ZMNPTZ82H21B629G', true),
('dligorio@hotmail.it','&RGwY^tc3z','RFFGTN98C65M260G', false),
('boccionipietro@tiscali.it','Rm3Oxpvv3$','RGRLRT56L24M298J', true),
('ipiccinni@outlook.com','485GDw^p%)','CGNVLT50T15G211Y', true),
('paoloantonioni@yahoo.com','S1897BnS$(','FODMA09D54A347EX', true),
('piergiorgio37@gmail.com','5L!5iDy4RT','PRTRSN78H13L359O', false),
('mazzacuratimarcantonio@tele2.it','UB$$2gFeew','BRCGNE08M11M180X', true),
('qnonis@vodafone.it','!GRjf6e60#','LPPGLR37D07B883S', false);

INSERT INTO film(nome_film,anno_uscita,durata) VALUES
('Avengers Assemble','2012-03-01','3:20:00'),
('Novgorodtsy','1943-04-11','1:25:00'),
('Avengers: Endgame','2019-06-06','2:30:00'),
('Avengers: Infinity War','2018-04-12','3:50:00'),
('Avengers: Age of Ultron','2015-01-01','1:25:00'),
('Avengers of Justice: Farce Wars','2018-02-01','3:00:00'),
('Crippled Avengers','1978-06-07','0:45:00'),
('The Avengers','1998-07-17','2:52:00'),
('Doctor Strange in the Multiverse of Madness','2022-03-03','1:44:00'),
('The Northman','2022-05-27','1:44:00'),
('Morbius','2022-01-11','1:44:00'),
('Old','2021-04-30','1:44:00'),
('Doctor Strange','2016-09-22','1:44:00');

INSERT INTO cinema(nome,citta,via,numero,cap,stato) VALUES
('Cinema1','Citta1','Via A','1','11111','Italia'),
('Cinema2','Citta2','Via B','2','22222','Italia'),
('Cinema3','Citta3','Via C','3','33333','Italia'),
('Cinema4','Citta4','Via D','4','44444','Italia'),
('Cinema5','Citta5','Via E','5','55555','Italia'),
('Cinema6','Citta6','Via F','6','66666','Italia'),
('Cinema7','Citta7','Via G','7','77777','Italia'),
('Cinema8','Citta8','Via H','8','88888','Italia'),
('Cinema9','Citta9','Via I','9','99999','Italia'),
('Cinema10','Citta10','Via J','10','10101','Italia');

INSERT INTO recensione_film(data, email, commento, valutazione,nome_film, anno_uscita) VALUES
('2022-11-23','paulina13@gmail.com','Explicabo commodi earum aliquid. Debitis deleniti perferendis nisi.','3','Avengers Assemble','2012-03-01'),
('2022-09-18', 'paulina13@gmail.com', 'Illo aliquam deleniti minima dicta.','5','Old','2021-04-30'),
('2022-09-14','paulina13@gmail.com','Aliquam ea optio eius porro. Ea voluptas aspernatur. Eveniet quae a.','5','Avengers: Endgame','2019-06-06'),
('2022-02-24','lucreziacorradi@live.com','Iste facilis fugiat esse perferendis illo. Dolores pariatur inventore dolore suscipit.','4','Avengers Assemble','2012-03-01'),
('2022-07-18','boccionipietro@tiscali.it','Nihil reprehenderit temporibus facere. Nulla dolore consectetur vero earum.','9','Avengers Assemble','2012-03-01'),
('2022-05-14','mazzacuratimarcantonio@tele2.it','Voluptas nisi quo minima quidem amet optio fugit. Asperiores eum adipisci modi voluptatem eum.','4','Avengers Assemble','2012-03-01'),
('2022-11-18','ipiccinni@outlook.com','Magnam assumenda possimus ducimus esse et. Nisi quia iusto recusandae nulla tempora ab.','5','Avengers Assemble','2012-03-01'),
('2022-12-06','ipiccinni@outlook.com','Culpa odio veniam saepe. Aperiam vel accusantium adipisci non quaerat.','4','Old','2021-04-30'),
('2022-05-07','ipiccinni@outlook.com','Dolores eligendi voluptate incidunt doloremque. Vitae quam nostrum ut quisquam.','6','Avengers: Endgame','2019-06-06');

INSERT INTO sala(numero_sala, nome_cinema,citta_cinema,posti_massimi,prezzo,tipo_sala) VALUES
('1','Cinema1','Citta1','50','7','Normale'),
('2','Cinema1','Citta1','50','7','Normale'),
('3','Cinema1','Citta1','50','7','Normale'),
('4','Cinema1','Citta1','50','7','Normale'),
('5','Cinema1','Citta1','50','7','Normale'),
('6','Cinema1','Citta1','50','10','IMAX'),
('7','Cinema1','Citta1','50','10','IMAX'),
('8','Cinema1','Citta1','50','10','IMAX'),
('9','Cinema1','Citta1','50','10','IMAX'),
('10','Cinema1','Citta1','50','10','3D'),
('11','Cinema1','Citta1','50','15','3D'),
('12','Cinema1','Citta1','50','15','3D'),
('13','Cinema1','Citta1','50','15','3D'),
('14','Cinema1','Citta1','50','15','3D'),
('15','Cinema1','Citta1','50','15','3D'),
('1','Cinema2','Citta2','50','7','Normale'),
('2','Cinema2','Citta2','50','7','Normale'),
('3','Cinema2','Citta2','50','7','Normale'),
('4','Cinema2','Citta2','50','7','Normale'),
('5','Cinema2','Citta2','50','7','Normale'),
('6','Cinema2','Citta2','50','10','IMAX'),
('7','Cinema2','Citta2','50','10','IMAX'),
('8','Cinema2','Citta2','50','10','IMAX'),
('9','Cinema2','Citta2','50','10','IMAX'),
('10','Cinema2','Citta2','50','10','3D'),
('11','Cinema2','Citta2','50','15','3D'),
('12','Cinema2','Citta2','50','15','3D'),
('13','Cinema2','Citta2','50','15','3D'),
('14','Cinema2','Citta2','50','15','3D'),
('15','Cinema2','Citta2','50','15','3D'),
('1','Cinema3','Citta3','50','7','Normale'),
('2','Cinema3','Citta3','50','7','Normale'),
('3','Cinema3','Citta3','50','7','Normale'),
('4','Cinema3','Citta3','50','7','Normale'),
('5','Cinema3','Citta3','50','7','Normale'),
('6','Cinema3','Citta3','50','10','IMAX'),
('7','Cinema3','Citta3','50','10','IMAX'),
('8','Cinema3','Citta3','50','10','IMAX'),
('9','Cinema3','Citta3','50','10','IMAX'),
('10','Cinema3','Citta3','50','10','3D'),
('11','Cinema3','Citta3','50','15','3D'),
('12','Cinema3','Citta3','50','15','3D'),
('13','Cinema3','Citta3','50','15','3D'),
('14','Cinema3','Citta3','50','15','3D'),
('15','Cinema3','Citta3','50','15','3D'),
('1','Cinema4','Citta4','50','7','Normale'),
('2','Cinema4','Citta4','50','7','Normale'),
('3','Cinema4','Citta4','50','7','Normale'),
('4','Cinema4','Citta4','50','7','Normale'),
('5','Cinema4','Citta4','50','7','Normale'),
('6','Cinema4','Citta4','50','10','IMAX'),
('7','Cinema4','Citta4','50','10','IMAX'),
('8','Cinema4','Citta4','50','10','IMAX'),
('9','Cinema4','Citta4','50','10','IMAX'),
('10','Cinema4','Citta4','50','10','3D'),
('11','Cinema4','Citta4','50','15','3D'),
('12','Cinema4','Citta4','50','15','3D'),
('13','Cinema4','Citta4','50','15','3D'),
('14','Cinema4','Citta4','50','15','3D'),
('15','Cinema4','Citta4','50','15','3D'),
('1','Cinema5','Citta5','50','7','Normale'),
('2','Cinema5','Citta5','50','7','Normale'),
('3','Cinema5','Citta5','50','7','Normale'),
('4','Cinema5','Citta5','50','7','Normale'),
('5','Cinema5','Citta5','50','7','Normale'),
('6','Cinema5','Citta5','50','10','IMAX'),
('7','Cinema5','Citta5','50','10','IMAX'),
('8','Cinema5','Citta5','50','10','IMAX'),
('9','Cinema5','Citta5','50','10','IMAX'),
('10','Cinema5','Citta5','50','10','3D'),
('11','Cinema5','Citta5','50','15','3D'),
('12','Cinema5','Citta5','50','15','3D'),
('13','Cinema5','Citta5','50','15','3D'),
('14','Cinema5','Citta5','50','15','3D'),
('15','Cinema5','Citta5','50','15','3D'),
('1','Cinema6','Citta6','50','7','Normale'),
('2','Cinema6','Citta6','50','7','Normale'),
('3','Cinema6','Citta6','50','7','Normale'),
('4','Cinema6','Citta6','50','7','Normale'),
('5','Cinema6','Citta6','50','7','Normale'),
('6','Cinema6','Citta6','50','10','IMAX'),
('7','Cinema6','Citta6','50','10','IMAX'),
('8','Cinema6','Citta6','50','10','IMAX'),
('9','Cinema6','Citta6','50','10','IMAX'),
('10','Cinema6','Citta6','50','10','3D'),
('11','Cinema6','Citta6','50','15','3D'),
('12','Cinema6','Citta6','50','15','3D'),
('13','Cinema6','Citta6','50','15','3D'),
('14','Cinema6','Citta6','50','15','3D'),
('15','Cinema6','Citta6','50','15','3D'),
('1','Cinema7','Citta7','50','7','Normale'),
('2','Cinema7','Citta7','50','7','Normale'),
('3','Cinema7','Citta7','50','7','Normale'),
('4','Cinema7','Citta7','50','7','Normale'),
('5','Cinema7','Citta7','50','7','Normale'),
('6','Cinema7','Citta7','50','10','IMAX'),
('7','Cinema7','Citta7','50','10','IMAX'),
('8','Cinema7','Citta7','50','10','IMAX'),
('9','Cinema7','Citta7','50','10','IMAX'),
('10','Cinema7','Citta7','50','10','3D'),
('11','Cinema7','Citta7','50','15','3D'),
('12','Cinema7','Citta7','50','15','3D'),
('13','Cinema7','Citta7','50','15','3D'),
('14','Cinema7','Citta7','50','15','3D'),
('15','Cinema7','Citta7','50','15','3D'),
('1','Cinema8','Citta8','50','7','Normale'),
('2','Cinema8','Citta8','50','7','Normale'),
('3','Cinema8','Citta8','50','7','Normale'),
('4','Cinema8','Citta8','50','7','Normale'),
('5','Cinema8','Citta8','50','7','Normale'),
('6','Cinema8','Citta8','50','10','IMAX'),
('7','Cinema8','Citta8','50','10','IMAX'),
('8','Cinema8','Citta8','50','10','IMAX'),
('9','Cinema8','Citta8','50','10','IMAX'),
('10','Cinema8','Citta8','50','10','3D'),
('11','Cinema8','Citta8','50','15','3D'),
('12','Cinema8','Citta8','50','15','3D'),
('13','Cinema8','Citta8','50','15','3D'),
('14','Cinema8','Citta8','50','15','3D'),
('15','Cinema8','Citta8','50','15','3D'),
('1','Cinema9','Citta9','50','7','Normale'),
('2','Cinema9','Citta9','50','7','Normale'),
('3','Cinema9','Citta9','50','7','Normale'),
('4','Cinema9','Citta9','50','7','Normale'),
('5','Cinema9','Citta9','50','7','Normale'),
('6','Cinema9','Citta9','50','10','IMAX'),
('7','Cinema9','Citta9','50','10','IMAX'),
('8','Cinema9','Citta9','50','10','IMAX'),
('9','Cinema9','Citta9','50','10','IMAX'),
('10','Cinema9','Citta9','50','10','3D'),
('11','Cinema9','Citta9','50','15','3D'),
('12','Cinema9','Citta9','50','15','3D'),
('13','Cinema9','Citta9','50','15','3D'),
('14','Cinema9','Citta9','50','15','3D'),
('15','Cinema9','Citta9','50','15','3D'),
('1','Cinema10','Citta10','50','7','Normale'),
('2','Cinema10','Citta10','50','7','Normale'),
('3','Cinema10','Citta10','50','7','Normale'),
('4','Cinema10','Citta10','50','7','Normale'),
('5','Cinema10','Citta10','50','7','Normale'),
('6','Cinema10','Citta10','50','10','IMAX'),
('7','Cinema10','Citta10','50','10','IMAX'),
('8','Cinema10','Citta10','50','10','IMAX'),
('9','Cinema10','Citta10','50','10','IMAX'),
('10','Cinema10','Citta10','50','10','3D'),
('11','Cinema10','Citta10','50','15','3D'),
('12','Cinema10','Citta10','50','15','3D'),
('13','Cinema10','Citta10','50','15','3D'),
('14','Cinema10','Citta10','50','15','3D'),
('15','Cinema10','Citta10','50','15','3D');

INSERT INTO biglietto(data_acquisto,nome_film,anno_uscita,numero_sala,nome_cinema,citta_cinema,email,posto) VALUES
('2021-11-23','Avengers Assemble','2012-03-01','1','Cinema1','Citta1','paulina13@gmail.com','1'),
('2021-11-23','Avengers Assemble','2012-03-01','1','Cinema1','Citta1','lucreziacorradi@live.com','2'),
('2021-11-23','Avengers Assemble','2012-03-01','1','Cinema1','Citta1','boccionipietro@tiscali.it','3'),
('2021-11-23','Avengers Assemble','2012-03-01','1','Cinema1','Citta1','mazzacuratimarcantonio@tele2.it','4'),
('2021-11-23','Avengers Assemble','2012-03-01','1','Cinema1','Citta1','ipiccinni@outlook.com','5'),
('2020-6-23','Old','2021-04-30','1','Cinema2','Citta2','paulina13@gmail.com','48'),
('2020-6-23','Old','2021-04-30','1','Cinema2','Citta2','ipiccinni@outlook.com','49'),
('2021-4-23','Avengers: Endgame','2019-06-06','2','Cinema4','Citta4','paulina13@gmail.com','44'),
('2021-4-23','Avengers: Endgame','2019-06-06','2','Cinema4','Citta4','ipiccinni@outlook.com','45');

